{"J": -12.066169876902217, "R": -15.522071432623758, "E": 1.401724934577942, "_timestamp": 1647390520, "_runtime": 102, "_step": 7, "_wandb": {"runtime": 103}}