{"base_link_offset": [-0.002020999789237976, -0.0005919933319091797, -0.004910498857498169], "bbox_size": [0.685560017824173, 0.6855599880218506, 0.2597289979457855]}